feature,coef
rec_tgt,0.012368666832117544
rec,0.9614970617357693
rec_yd,0.10167292479303458
rec_td,5.9769346450811875
off_snp,3.978595904241544e-05
ease_factor,-0.009530212258625975
