feature,coef
rec_tgt,0.002599854755861608
rec,0.9803575711235003
rec_yd,0.10094267850844063
rec_td,5.914414915567685
off_snp,0.0005120308614167124
ease_factor,0.39977357265196567
